cx,cy,nameascii,adm0name,adm0_a3
205.25584399999997,94.08004615384615,Faribault,United States of America,USA
203.50052,94.38384615384615,Mankato,United States of America,USA
205.01414,95.61875384615384,Albert Lea,United States of America,USA
200.993624,92.08967692307691,Willmar,United States of America,USA
203.01624800000002,89.1304,Brainerd,United States of America,USA
197.237708,85.74110769230768,Crookston,United States of America,USA
170.816912,90.6296923076923,Hardin,United States of America,USA
177.784208,87.33355384615385,Glendive,United States of America,USA
158.6411,91.86513846153845,Dillon,United States of America,USA
155.10528799999997,85.94636923076922,Polson,United States of America,USA
191.83112,84.93083076923077,Devils Lake,United States of America,USA
155.981168,98.2808,Burley,United States of America,USA
150.85538000000003,86.45823076923077,Wallace,United States of America,USA
143.150552,89.48147692307693,Kennewick,United States of America,USA
133.98675199999997,88.27241538461537,Centralia,United States of America,USA
159.81311599999998,119.71641538461537,Glendale,United States of America,USA
165.78864799999997,121.50744615384615,Safford,United States of America,USA
160.86752,121.39835384615384,Casa Grande,United States of America,USA
160.916876,120.09473846153845,Mesa,United States of America,USA
154.741436,117.52261538461539,Lake Havasu City,United States of America,USA
135.62370799999997,109.4413846153846,Berkeley,United States of America,USA
148.04370799999998,121.89492307692306,National City,United States of America,USA
131.954624,106.0086923076923,Mendocino,United States of America,USA
139.419908,114.82147692307691,Paso Robles,United States of America,USA
147.32334799999998,118.85455384615383,Riverside,United States of America,USA
142.893728,114.49753846153845,Delano,United States of America,USA
135.52316,110.20029230769231,San Mateo,United States of America,USA
135.65524399999998,108.8715846153846,Vallejo,United States of America,USA
171.507896,105.43695384615384,Glenwood Springs,United States of America,USA
177.548876,105.07963076923076,Aurora,United States of America,USA
177.71346799999998,103.34793846153845,Greeley,United States of America,USA
147.72921199999996,108.97916923076922,Tonopah,United States of America,USA
170.47293200000001,122.87858461538461,Deming,United States of America,USA
171.680264,120.78978461538462,Truth or Consequences,United States of America,USA
176.55495200000001,114.89233846153846,Las Vegas,United States of America,USA
169.43980399999998,112.12216923076923,Farmington,United States of America,USA
133.926596,94.65113846153845,Springfield,United States of America,USA
131.85116,91.29167692307692,Tillamook,United States of America,USA
148.370516,94.71176923076924,Ontario,United States of America,USA
145.670192,91.60419999999999,La Grande,United States of America,USA
160.083224,107.29023076923076,Richfield,United States of America,USA
160.67819599999999,105.04516923076923,Nephi,United States of America,USA
168.127712,97.56927692307691,Lander,United States of America,USA
168.06572,92.9591846153846,Powell,United States of America,USA
211.894496,113.79086153846153,Paragould,United States of America,USA
209.42864,100.37487692307691,Iowa City,United States of America,USA
207.30428,101.92672307692307,Ottumwa,United States of America,USA
200.74425200000002,96.82167692307692,Spencer,United States of America,USA
203.065712,98.35015384615383,Ft. Dodge,United States of America,USA
194.07870799999998,108.98272307692308,Hutchinson,United States of America,USA
201.985604,106.47359999999999,Kansas City,United States of America,USA
200.48483599999997,106.8419076923077,Lawrence,United States of America,USA
187.01885599999997,109.19886153846153,Garden City,United States of America,USA
197.274428,106.28104615384615,Manhattan,United States of America,USA
190.720664,107.03435384615383,Hays,United States of America,USA
184.985432,105.91123076923076,Goodland,United States of America,USA
202.501412,106.52744615384616,Independence,United States of America,USA
206.90089999999998,103.88790769230768,Kirksville,United States of America,USA
191.299436,102.67399999999999,Kearney,United States of America,USA
193.035644,102.14361538461539,Grand Island,United States of America,USA
182.202488,99.32078461538461,Alliance,United States of America,USA
198.743336,112.13875384615385,Bartlesville,United States of America,USA
194.18778799999998,112.98058461538461,Enid,United States of America,USA
195.985232,118.28206153846153,Ardmore,United States of America,USA
199.258604,116.48198461538462,McAlester,United States of America,USA
196.131896,113.6035846153846,Stillwater,United States of America,USA
180.05231600000002,93.93563076923076,Lead,United States of America,USA
213.627464,127.63330769230768,Slidell,United States of America,USA
205.377884,127.74961538461538,Lake Charles,United States of America,USA
212.73506,128.3301846153846,Metairie,United States of America,USA
208.73636,128.2830153846154,New Iberia,United States of America,USA
197.809244,126.67764615384615,Bryan,United States of America,USA
194.03647999999998,128.57152307692309,San Marcos,United States of America,USA
201.72122,122.30533846153845,Longview,United States of America,USA
193.343552,137.38161538461537,McAllen,United States of America,USA
194.63890399999997,137.39464615384614,Harlingen,United States of America,USA
193.725872,133.677,Alice,United States of America,USA
193.591844,129.015,New Braunfels,United States of America,USA
195.35364799999996,122.66201538461537,Cleburne,United States of America,USA
191.53671199999997,124.20287692307691,Brownwood,United States of America,USA
180.294236,127.42804615384614,Alpine,United States of America,USA
177.491852,125.79586153846154,Van Horn,United States of America,USA
185.551676,122.92144615384615,Big Spring,United States of America,USA
190.79701999999997,118.35399999999998,Vernon,United States of America,USA
188.57977999999997,117.69836923076922,Childress,United States of America,USA
183.33476000000002,116.74787692307692,Hereford,United States of America,USA
183.04661599999997,113.78203076923076,Dalhart,United States of America,USA
201.187052,129.70196923076924,Texas City,United States of America,USA
200.742956,129.10352307692307,Pasadena,United States of America,USA
201.17506400000002,128.8760769230769,Baytown,United States of America,USA
196.247348,121.86423076923076,Arlington,United States of America,USA
256.076972,101.10643076923077,New London,United States of America,USA
252.621728,101.8298,Stamford,United States of America,USA
253.79612,100.64076923076922,Waterbury,United States of America,USA
258.85073600000004,100.38672307692308,New Bedford,United States of America,USA
254.92461200000002,99.2762,Springfield,United States of America,USA
258.998588,98.31267692307692,Salem,United States of America,USA
253.292408,98.49058461538462,Pittsfield,United States of America,USA
254.93465600000002,94.15316923076922,Montpelier,United States of America,USA
223.951616,122.04396923076922,Auburn,United States of America,USA
218.678408,116.80107692307692,Florence,United States of America,USA
232.949636,133.0271846153846,Winter Haven,United States of America,USA
235.649852,132.88018461538462,Melbourne,United States of America,USA
235.963268,139.14055384615384,Homestead,United States of America,USA
234.037304,131.18844615384614,Sanford,United States of America,USA
236.79389600000002,138.32273846153845,Miami Beach,United States of America,USA
236.460068,137.21921538461538,Coral Springs,United States of America,USA
232.054856,135.47352307692307,Port Charlotte,United States of America,USA
230.99364799999998,131.93303076923075,Spring Hill,United States of America,USA
234.173384,129.39763076923077,Palm Coast,United States of America,USA
233.14576399999999,129.1350769230769,Palatka,United States of America,USA
232.5887,131.13923076923075,Leesburg,United States of America,USA
230.77267999999998,127.83738461538461,Lake City,United States of America,USA
221.330456,126.48606153846154,Crestview,United States of America,USA
223.53289999999998,127.9119076923077,Panama City,United States of America,USA
225.177416,116.87279999999998,Dalton,United States of America,USA
226.20266,118.82181538461538,Marietta,United States of America,USA
231.456536,125.38576923076923,Waycross,United States of America,USA
225.02956400000002,121.0222923076923,La Grange,United States of America,USA
213.093512,116.39604615384614,Southaven,United States of America,USA
216.21428,122.63175384615384,Meridian,United States of America,USA
215.1683,124.22807692307691,Laurel,United States of America,USA
232.47119600000002,116.44267692307692,Spartanburg,United States of America,USA
235.040192,119.92027692307693,Orangeburg,United States of America,USA
212.210936,102.08255384615384,Galesburg,United States of America,USA
217.64744,100.6886923076923,Joliet,United States of America,USA
214.258832,110.80143076923076,Cape Girardeau,United States of America,USA
215.335376,98.9178,Rockford,United States of America,USA
218.623868,99.44775384615384,Evanston,United States of America,USA
211.818356,100.77635384615385,Rock Island,United States of America,USA
217.207448,99.46907692307691,Elgin,United States of America,USA
225.369548,104.76118461538461,Richmond,United States of America,USA
219.310748,105.62843076923076,Terre Haute,United States of America,USA
220.59670400000002,103.3527846153846,Lafayette,United States of America,USA
223.523504,103.01484615384615,Marion,United States of America,USA
222.105032,100.32167692307692,South Bend,United States of America,USA
223.13427199999998,108.39526153846153,New Albany,United States of America,USA
222.78014,100.32253846153846,Elkhart,United States of America,USA
219.131252,111.85563076923076,Hopkinsville,United States of America,USA
227.306852,111.22498461538461,London,United States of America,USA
219.098636,110.73692307692308,Madisonville,United States of America,USA
242.414324,114.07603076923077,Rocky Mount,United States of America,USA
235.971152,114.71572307692307,Salisbury,United States of America,USA
239.70319999999998,113.92763076923077,Durham,United States of America,USA
239.482556,117.21407692307692,Lumberton,United States of America,USA
232.276688,104.49453846153845,Zanesville,United States of America,USA
231.070868,102.53604615384616,Mansfield,United States of America,USA
228.343868,101.06033846153846,Bowling Green,United States of America,USA
227.987144,104.54299999999999,Springfield,United States of America,USA
230.855408,105.02373846153844,Lancaster,United States of America,USA
231.45966800000002,113.17744615384615,Johnson City,United States of America,USA
230.95952,112.61486153846153,Kingsport,United States of America,USA
220.219676,114.84926153846152,Columbia,United States of America,USA
213.483392,115.78790769230768,Barlett,United States of America,USA
236.115872,110.9842923076923,Blacksburg,United States of America,USA
239.82523999999998,108.06367692307691,Harrisonburg,United States of America,USA
243.34712,110.98827692307691,Petersburg,United States of America,USA
245.873564,111.4616923076923,Hampton,United States of America,USA
218.5892,95.37203076923076,Sheboygan,United States of America,USA
217.348064,97.14163076923077,Waukesha,United States of America,USA
210.12621199999998,95.25098461538461,La Crosse,United States of America,USA
209.50456400000002,92.83307692307692,Eau Claire,United States of America,USA
211.89211999999998,94.81127692307692,Tomah,United States of America,USA
215.450936,97.9292923076923,Janesville,United States of America,USA
216.941984,94.13227692307693,Appleton,United States of America,USA
233.361008,106.10712307692306,Parkersburg,United States of America,USA
236.38165999999998,109.63296923076922,White Sulphur Springs,United States of America,USA
236.301416,106.06738461538461,Clarksburg,United States of America,USA
247.85482399999998,106.36709230769229,Dover,United States of America,USA
244.45952,107.69579999999999,St. Charles,United States of America,USA
245.53131199999999,106.79743076923076,Annapolis,United States of America,USA
242.58356,105.2094,Hagerstown,United States of America,USA
251.107244,102.1491076923077,Paterson,United States of America,USA
252.03150799999997,96.97093846153845,Saratoga Springs,United States of America,USA
251.70405200000002,100.28118461538462,Poughkeepsie,United States of America,USA
252.816668,93.11167692307691,Plattsburg,United States of America,USA
236.34342800000002,102.55133846153845,Beaver Falls,United States of America,USA
240.963776,103.11004615384614,Altoona,United States of America,USA
244.30950800000002,101.3804,Williamsport,United States of America,USA
245.97961999999998,104.26106153846153,Lancaster,United States of America,USA
247.91411599999998,102.91512307692307,Allentown,United States of America,USA
261.969236,93.45424615384614,Waterville,United States of America,USA
267.739352,91.98413846153845,Calais,United States of America,USA
266.30532800000003,89.68695384615384,Houlton,United States of America,USA
221.61482,99.28427692307692,Benton Harbor,United States of America,USA
224.674568,98.79481538461538,Battle Creek,United States of America,USA
227.773628,95.74636923076922,Bay City,United States of America,USA
228.86896399999998,92.2339846153846,Alpena,United States of America,USA
217.749716,90.41247692307691,Iron Mountain,United States of America,USA
212.71918399999998,88.89627692307691,Ironwood,United States of America,USA
43.84887199999997,67.62812307692307,Sand Point,United States of America,USA
110.34404,67.92912307692308,Hydaburg,United States of America,USA
30.181471999999985,55.54095384615384,Mekoryuk,United States of America,USA
51.29493199999999,31.407646153846144,Atqasuk,United States of America,USA
48.33918799999998,63.77532307692307,Port Heiden,United States of America,USA
47.08055599999997,66.24223076923076,Perryville,United States of America,USA
48.691051999999985,58.730046153846146,Dillingham,United States of America,USA
41.23213999999999,58.575723076923076,Goodnews Bay,United States of America,USA
45.185479999999956,54.067507692307686,Nyac,United States of America,USA
32.424199999999985,55.06969230769231,Tununak,United States of America,USA
36.08972,51.47858461538461,Mountain Village,United States of America,USA
34.18351999999999,49.82324615384615,Emmonak,United States of America,USA
48.11109200000001,46.11206153846153,Kaltag,United States of America,USA
29.771288,43.87033846153846,Teller,United States of America,USA
50.562475999999975,44.787984615384616,Koyukuk,United States of America,USA
52.530883999999986,39.93536923076923,Kobuk,United States of America,USA
45.02002400000001,40.66164615384615,Selawik,United States of America,USA
68.78834,50.90824615384615,Talkeetna,United States of America,USA
72.22565599999999,54.594123076923076,Whittier,United States of America,USA
68.87636,51.49258461538461,Montana,United States of America,USA
63.499795999999975,47.175846153846145,Lake Minchumina,United States of America,USA
71.569988,48.351846153846154,Cantwell,United States of America,USA
80.137628,51.033707692307686,Gulkana,United States of America,USA
90.178496,45.00886153846153,Eagle,United States of America,USA
71.2286,45.5456,Nenana,United States of America,USA
79.03332799999998,46.53023076923076,Big Delta,United States of America,USA
62.69962399999997,40.75361538461538,Allakaket,United States of America,USA
64.06020799999999,44.08992307692307,Tanana,United States of America,USA
207.012356,86.33976923076924,Virginia,United States of America,USA
209.166416,94.6548,Winona,United States of America,USA
207.17252000000002,94.72275384615385,Rochester,United States of America,USA
205.31707999999998,93.21915384615383,Lakeville,United States of America,USA
208.71864799999997,85.43784615384615,Ely,United States of America,USA
196.914896,87.89441538461537,Moorhead,United States of America,USA
203.10902,91.03795384615384,St. Cloud,United States of America,USA
175.07243599999998,89.0086,Miles City,United States of America,USA
162.593252,90.75332307692307,Bozeman,United States of America,USA
173.16310399999998,84.75906153846152,Glasgow,United States of America,USA
182.39785999999998,87.87115384615385,Dickinson,United States of America,USA
192.207284,87.8184923076923,Jamestown,United States of America,USA
180.38312,84.82410769230768,Williston,United States of America,USA
46.552651999999995,147.4878923076923,Lihue,United States of America,USA
49.787576,148.6333076923077,Wahiawa,United States of America,USA
53.434195999999986,150.09749230769228,Wailuku,United States of America,USA
161.971172,98.79115384615385,Montpelier,United States of America,USA
154.375748,98.22059999999999,Twin Falls,United States of America,USA
149.06992399999996,95.5872,Caldwell,United States of America,USA
155.733632,91.96087692307692,Salmon,United States of America,USA
148.80845599999998,85.97016923076922,Coeur d'Alene,United States of America,USA
142.77838400000002,89.28892307692307,Richland,United States of America,USA
135.10574,83.37973846153845,Bellingham,United States of America,USA
134.025308,89.6554,Longview,United States of America,USA
145.057292,89.83147692307692,Walla Walla,United States of America,USA
131.91866,87.65361538461538,Aberdeen,United States of America,USA
134.733356,86.22033846153846,Bremerton,United States of America,USA
135.794672,85.29418461538461,Everett,United States of America,USA
154.119032,115.9667846153846,Bullhead City,United States of America,USA
163.412,116.2650923076923,Winslow,United States of America,USA
158.543468,121.22841538461537,Gila Bend,United States of America,USA
164.92432399999998,124.1903846153846,Tombstone,United States of America,USA
165.48970400000002,122.89743076923077,Willcox,United States of America,USA
160.600004,119.45213846153845,Scottsdale,United States of America,USA
155.356172,115.86695384615385,Kingman,United States of America,USA
159.950492,113.79635384615383,Grand Canyon,United States of America,USA
131.26126399999998,102.23235384615384,Arcata,United States of America,USA
137.979944,109.23978461538461,Stockton,United States of America,USA
148.22644400000001,116.5632923076923,Barstow,United States of America,USA
147.582008,117.43118461538461,Victorville,United States of America,USA
145.544696,118.3316,Pasadena,United States of America,USA
142.718552,113.14944615384616,Visalia,United States of America,USA
151.740872,121.60663076923076,El Centro,United States of America,USA
139.49529199999998,115.64359999999999,San Luis Obispo,United States of America,USA
139.919408,110.80907692307692,Merced,United States of America,USA
137.197268,106.40790769230769,Yuba City,United States of America,USA
135.33707599999997,102.94613846153845,Redding,United States of America,USA
134.594144,108.06130769230768,Santa Rosa,United States of America,USA
147.474764,120.58183076923076,Oceanside,United States of America,USA
138.699656,109.96444615384614,Modesto,United States of America,USA
146.28644,119.48067692307691,Irvine,United States of America,USA
133.36769599999997,106.37624615384615,Ukiah,United States of America,USA
154.00898,116.68444615384615,Needles,United States of America,USA
144.932012,110.66218461538462,Bishop,United States of America,USA
149.40007999999997,119.2486,Palm Springs,United States of America,USA
140.028164,116.46486153846153,Santa Maria,United States of America,USA
142.651052,113.43192307692307,Tulare,United States of America,USA
135.531908,101.21455384615383,Mt. Shasta,United States of America,USA
130.991696,100.14656923076923,Crescent City,United States of America,USA
176.947856,103.00924615384615,Fort Collins,United States of America,USA
177.97742,108.46827692307693,Pueblo,United States of America,USA
182.804588,108.93243076923076,Lamar,United States of America,USA
178.274204,111.12343076923077,Trinidad,United States of America,USA
172.459592,107.83536923076923,Gunnison,United States of America,USA
170.17474399999998,110.8736923076923,Durango,United States of America,USA
170.20952,107.99690769230769,Montrose,United States of America,USA
170.96605999999997,103.11316923076923,Craig,United States of America,USA
176.49836,104.25944615384614,Boulder,United States of America,USA
153.485072,113.97792307692306,Boulder City,United States of America,USA
146.51507600000002,102.02127692307691,Winnemucca,United States of America,USA
178.23564799999997,120.16506153846154,Roswell,United States of America,USA
181.399184,117.74586153846153,Clovis,United States of America,USA
172.820852,122.75516923076921,Las Cruces,United States of America,USA
181.55319199999997,121.79756923076923,Hobbs,United States of America,USA
172.530008,118.56690769230768,Socorro,United States of America,USA
168.12436399999999,115.06690769230768,Gallup,United States of America,USA
178.43393600000002,111.77916923076923,Raton,United States of America,USA
180.148976,115.91509230769229,Tucumcari,United States of America,USA
133.01896399999998,96.64656923076923,Roseburg,United States of America,USA
143.98744399999998,90.77130769230769,Pendleton,United States of America,USA
143.592488,93.7782923076923,John Day,United States of America,USA
133.088408,98.51126153846154,Grants Pass,United States of America,USA
133.2017,93.40524615384615,Corvallis,United States of America,USA
133.66512799999998,93.29001538461539,Albany,United States of America,USA
131.88118400000002,89.53650769230768,Astoria,United States of America,USA
160.682732,100.19567692307692,Logan,United States of America,USA
158.297228,109.51655384615384,Parowan,United States of America,USA
159.021584,111.42012307692308,Kanab,United States of America,USA
166.664204,109.44655384615385,Monticello,United States of America,USA
166.167188,107.76612307692308,Moab,United States of America,USA
163.140164,105.30966153846153,Price,United States of America,USA
157.735736,109.91178461538462,Cedar City,United States of America,USA
166.218056,103.26135384615384,Vernal,United States of America,USA
160.35992,101.40118461538461,Ogden,United States of America,USA
166.36936399999996,100.72563076923078,Green River,United States of America,USA
171.72497599999997,100.06472307692307,Rawlins,United States of America,USA
176.165936,97.75256923076923,Douglas,United States of America,USA
168.93814399999997,97.1021076923077,Riverton,United States of America,USA
169.37122399999998,95.62306153846154,Thermopolis,United States of America,USA
175.87606399999999,94.0976,Gillette,United States of America,USA
211.41130399999997,114.30444615384614,Jonesboro,United States of America,USA
203.408504,120.05123076923077,Texarkana,United States of America,USA
208.292804,118.16812307692307,Pine Bluff,United States of America,USA
205.767224,117.50915384615385,Hot Springs,United States of America,USA
202.54201999999998,115.39698461538461,Fort Smith,United States of America,USA
203.121008,113.77675384615384,Fayetteville,United States of America,USA
207.216584,116.10301538461538,Conway,United States of America,USA
206.709524,120.59744615384615,El Dorado,United States of America,USA
211.69124,100.63129230769229,Davenport,United States of America,USA
210.430232,102.41736923076922,Burlington,United States of America,USA
211.50655999999998,98.36426153846153,Dubuque,United States of America,USA
207.47718799999998,98.3828923076923,Waterloo,United States of America,USA
197.736452,98.36555384615384,Sioux City,United States of America,USA
199.03094000000002,101.32967692307692,Council Bluffs,United States of America,USA
204.41150000000002,99.43461538461538,Ames,United States of America,USA
205.41708799999998,96.8007846153846,Mason City,United States of America,USA
198.261332,108.17179999999999,Emporia,United States of America,USA
194.838164,107.16530769230769,Salina,United States of America,USA
189.049688,109.71395384615384,Dodge City,United States of America,USA
199.59394400000002,111.44241538461537,Coffeyville,United States of America,USA
211.88661199999999,107.26201538461538,St. Charles,United States of America,USA
212.13512,112.10763076923075,Poplar Bluff,United States of America,USA
202.26662,111.33106153846154,Joplin,United States of America,USA
207.49846399999998,106.86021538461539,Columbia,United States of America,USA
201.466448,104.90452307692307,St. Joseph,United States of America,USA
187.590068,103.85936923076922,McCook,United States of America,USA
195.254936,99.49481538461538,Norfolk,United States of America,USA
187.243496,101.63121538461537,North Platte,United States of America,USA
181.942964,101.62281538461536,Sidney,United States of America,USA
180.304604,99.8806769230769,Scottsbluff,United States of America,USA
181.883456,97.58144615384614,Chadron,United States of America,USA
192.91079599999998,117.2814923076923,Lawton,United States of America,USA
195.46964,115.77595384615384,Norman,United States of America,USA
200.210624,114.5303846153846,Muskogee,United States of America,USA
196.09118,112.23416923076923,Ponca City,United States of America,USA
196.45492399999998,115.50090769230769,Shawnee,United States of America,USA
190.53944,112.88990769230769,Woodward,United States of America,USA
185.541308,112.28575384615384,Guymon,United States of America,USA
195.35364799999996,97.452,Yankton,United States of America,USA
196.804844,94.04106153846152,Brookings,United States of America,USA
193.832144,95.45947692307692,Mitchell,United States of America,USA
192.727304,91.26798461538462,Aberdeen,United States of America,USA
188.04971600000002,91.08846153846153,Mobridge,United States of America,USA
211.374476,129.25892307692308,Houma,United States of America,USA
208.013948,122.2835846153846,Monroe,United States of America,USA
200.003156,127.54456923076921,Conroe,United States of America,USA
201.925232,124.4521846153846,Nacogdoches,United States of America,USA
187.918712,131.37744615384614,Eagle Pass,United States of America,USA
193.51106,137.1417846153846,Edinburg,United States of America,USA
194.24114,134.2384,Kingsville,United States of America,USA
203.66986400000002,128.5334,Port Arthur,United States of America,USA
199.775708,126.55886153846154,Huntsville,United States of America,USA
194.54937199999998,125.61676923076922,Killeen,United States of America,USA
201.748544,125.08735384615385,Lufkin,United States of America,USA
186.94131199999998,129.81666153846152,Del Rio,United States of America,USA
188.044964,124.78678461538462,San Angelo,United States of America,USA
197.235656,119.58696923076923,Sherman,United States of America,USA
203.254388,128.0850769230769,Beaumont,United States of America,USA
198.782324,130.73086153846154,Bay City,United States of America,USA
197.185004,131.6048923076923,Port Lavaca,United States of America,USA
193.54724,134.93043076923078,Falfurrias,United States of America,USA
194.49331999999998,132.10770769230768,Beeville,United States of America,USA
182.166956,126.15684615384615,Fort Stockton,United States of America,USA
180.69070399999998,124.90223076923075,Pecos,United States of America,USA
184.371128,114.25695384615383,Dumas,United States of America,USA
195.986636,120.59303076923075,Denton,United States of America,USA
184.057604,123.43007692307691,Midland,United States of America,USA
195.424388,125.65316923076922,Temple,United States of America,USA
254.15630000000002,101.16663076923076,New Haven,United States of America,USA
257.957576,98.04646153846153,Lowell,United States of America,USA
256.79722399999997,98.91607692307691,Worcester,United States of America,USA
257.624828,97.1791076923077,Manchester,United States of America,USA
257.96567600000003,100.78346153846152,Newport,United States of America,USA
224.168372,125.36261538461537,Dothan,United States of America,USA
218.997872,120.57063076923076,Tuscaloosa,United States of America,USA
222.68931199999997,118.68073846153845,Gadsden,United States of America,USA
223.07973199999998,125.11276923076922,Enterprise,United States of America,USA
220.253588,122.52783076923077,Selma,United States of America,USA
236.41146799999999,138.5488923076923,Coral Gables,United States of America,USA
232.35736400000002,136.42423076923075,Cape Coral,United States of America,USA
232.800812,137.52753846153846,Naples,United States of America,USA
236.328092,134.40403076923076,Fort Pierce,United States of America,USA
233.730476,132.3803846153846,Kissimmee,United States of America,USA
235.17098000000001,131.61361538461537,Titusville,United States of America,USA
233.953928,128.54330769230768,St. Augustine,United States of America,USA
231.971912,130.2370923076923,Ocala,United States of America,USA
236.76992,137.54186153846155,Fort Lauderdale,United States of America,USA
225.12406399999998,128.94844615384613,Apalachicola,United States of America,USA
236.171276,133.93610769230767,Vero Beach,United States of America,USA
229.23886399999998,126.29770769230768,Valdosta,United States of America,USA
227.132756,124.51206153846152,Albany,United States of America,USA
229.000184,118.80824615384614,Athens,United States of America,USA
228.395168,121.46781538461538,Macon,United States of America,USA
225.154088,122.37738461538461,Columbus,United States of America,USA
230.266268,124.68199999999999,Douglas,United States of America,USA
230.103944,122.21692307692307,Dublin,United States of America,USA
215.27997200000001,127.41167692307693,Gulfport,United States of America,USA
214.805852,125.11406153846154,Hattiesburg,United States of America,USA
216.214928,118.09812307692306,Tupelo,United States of America,USA
210.55292,120.12715384615385,Greenville,United States of America,USA
209.770676,124.56935384615383,Natchez,United States of America,USA
237.67982,118.24716923076923,Florence,United States of America,USA
231.36236,116.67367692307691,Greenville,United States of America,USA
236.28986,118.9054923076923,Sumter,United States of America,USA
230.747408,117.50958461538461,Anderson,United States of America,USA
232.979444,119.79416923076923,Aiken,United States of America,USA
235.454912,122.46903076923076,Beaufort,United States of America,USA
234.63746,116.46432307692307,Rock Hill,United States of America,USA
215.611316,104.73286153846152,Decatur,United States of America,USA
212.65956799999998,107.00646153846154,Alton,United States of America,USA
209.717324,104.50476923076923,Quincy,United States of America,USA
217.41329599999997,104.08821538461538,Urbana,United States of America,USA
215.518112,103.19146153846154,Bloomington,United States of America,USA
218.23701200000002,101.66933846153846,Kankakee,United States of America,USA
218.276324,98.69196923076923,Waukegan,United States of America,USA
217.183256,100.12513846153846,Aurora,United States of America,USA
214.97390000000001,109.79353846153846,Carbondale,United States of America,USA
213.101288,107.88232307692307,Belleville,United States of America,USA
221.441372,106.349,Bloomington,United States of America,USA
224.178416,103.8876923076923,Muncie,United States of America,USA
222.38442799999999,103.1861846153846,Kokomo,United States of America,USA
219.51206000000002,100.56807692307692,Gary,United States of America,USA
224.794016,101.76507692307692,Fort Wayne,United States of America,USA
226.28582,106.54446153846153,Covington,United States of America,USA
221.64009199999998,111.55581538461537,Bowling Green,United States of America,USA
216.46300399999998,111.33310769230768,Paducah,United States of America,USA
220.032296,109.67916923076922,Owensboro,United States of America,USA
243.279188,116.90973846153845,Jacksonville,United States of America,USA
241.92864799999998,115.39956923076923,Goldsboro,United States of America,USA
243.432548,114.85432307692307,Greenville,United States of America,USA
239.79068,116.17086153846154,Fayetteville,United States of America,USA
233.88977599999998,114.5656,Hickory,United States of America,USA
230.978204,114.88232307692307,Asheville,United States of America,USA
236.486096,113.67519999999999,Winston-Salem,United States of America,USA
247.422608,113.74250769230768,Kitty Hawk,United States of America,USA
233.461016,101.7889846153846,Akron,United States of America,USA
227.254256,102.57309230769229,Lima,United States of America,USA
226.859408,113.90199999999999,Oak Ridge,United States of America,USA
221.768288,114.29636923076923,Murfreesboro,United States of America,USA
219.441428,112.6585846153846,Clarksville,United States of America,USA
215.949464,114.84958461538461,Jackson,United States of America,USA
244.07277200000001,107.17543076923076,Alexandria,United States of America,USA
243.20661199999998,108.41292307692308,Fredericksburg,United States of America,USA
237.25052,110.88435384615384,Roanoke,United States of America,USA
238.562072,112.52407692307692,Danville,United States of America,USA
241.51198399999998,106.31766153846154,Winchester,United States of America,USA
231.88605199999998,112.46355384615383,Bristol,United States of America,USA
208.050668,88.26078461538461,Superior,United States of America,USA
217.463408,96.15032307692307,West Bend,United States of America,USA
216.83052800000002,95.31786153846153,Fond du Lac,United States of America,USA
216.601028,94.71543076923076,Oshkosh,United States of America,USA
214.51338800000002,90.8494923076923,Rhinelander,United States of America,USA
218.355272,97.8213846153846,Racine,United States of America,USA
218.790728,92.14115384615384,Marinette,United States of America,USA
235.379096,104.19752307692308,Wheeling,United States of America,USA
237.21585199999998,105.23772307692306,Morgantown,United States of America,USA
231.239564,108.13507692307691,Huntington,United States of America,USA
234.27004399999998,109.66581538461537,Beckley,United States of America,USA
247.80158,104.95901538461538,Wilmington,United States of America,USA
240.08066,105.18183076923076,Cumberland,United States of America,USA
250.499096,105.87256923076922,Atlantic City,United States of America,USA
251.107244,102.67475384615385,Newark,United States of America,USA
251.659556,97.61343076923076,Schenectady,United States of America,USA
246.909824,99.3264923076923,Binghamton,United States of America,USA
248.55498799999998,96.92732307692307,Utica,United States of America,USA
246.927212,94.83496923076922,Watertown,United States of America,USA
239.422508,96.94250769230769,Niagara Falls,United States of America,USA
238.94568800000002,99.33047692307692,Jamestown,United States of America,USA
244.773692,99.3477076923077,Elmira,United States of America,USA
244.965824,104.44026153846153,York,United States of America,USA
239.697908,103.5684923076923,Johnstown,United States of America,USA
247.52358800000002,100.97763076923076,Scranton,United States of America,USA
242.24757200000002,102.45139999999999,State College,United States of America,USA
236.906216,99.25250769230769,Erie,United States of America,USA
247.006808,101.36133846153847,Wilkes Barre,United States of America,USA
265.42977199999996,93.84689230769231,Bar Harbor,United States of America,USA
260.60195600000003,94.53439999999999,Lewiston,United States of America,USA
265.91534,88.08804615384614,Presque Isle,United States of America,USA
228.179168,98.84446153846153,Ann Arbor,United States of America,USA
223.696304,98.86406153846154,Kalamazoo,United States of America,USA
222.10891999999998,96.60790769230769,Muskegon,United States of America,USA
228.257144,97.13872307692307,Flint,United States of America,USA
223.497692,97.25632307692307,Grand Rapids,United States of America,USA
229.21099999999998,98.00295384615383,Pontiac,United States of America,USA
224.113076,94.17406153846153,Cadillac,United States of America,USA
223.61238799999998,92.93581538461538,Traverse City,United States of America,USA
225.21370399999998,91.48670769230769,Petoskey,United States of America,USA
220.149908,90.59630769230769,Escanaba,United States of America,USA
219.32824399999998,88.67863076923076,Marquette,United States of America,USA
216.50912,87.28875384615384,Hancock,United States of America,USA
111.374144,64.91923076923077,Wrangell,United States of America,USA
30.464864000000006,41.49216923076923,Shishmaref,United States of America,USA
104.01070399999998,60.98307692307692,Hoonah,United States of America,USA
10.949371999999983,75.15301538461537,Atka,United States of America,USA
23.752556,73.37684615384615,Nikolski,United States of America,USA
58.355215999999984,62.283353846153844,Karluk,United States of America,USA
36.84355999999997,68.79766153846154,False Pass,United States of America,USA
34.27261999999999,37.96212307692307,Kivalina,United States of America,USA
57.293576,57.140938461538454,Newhalen,United States of America,USA
50.87869999999998,62.30187692307692,Pilot Point,United States of America,USA
48.87853999999999,65.33955384615385,Chignik,United States of America,USA
53.05803199999997,59.610646153846155,King Salmon,United States of America,USA
40.442983999999996,57.0716923076923,Quinhagak,United States of America,USA
46.189663999999965,52.691953846153844,Aniak,United States of America,USA
36.511675999999994,49.206599999999995,Kotlit,United States of America,USA
43.15054399999997,47.19835384615384,Unalakleet,United States of America,USA
42.26364799999996,44.64432307692307,Koyuk,United States of America,USA
55.616444,49.3928,McGrath,United States of America,USA
58.83549199999999,41.989599999999996,Hughes,United States of America,USA
50.200999999999965,39.506323076923074,Ambler,United States of America,USA
25.625707999999975,43.041969230769226,Wales,United States of America,USA
38.80851199999998,39.955830769230765,Kotzebue,United States of America,USA
70.396784,52.68473846153846,Wasilla,United States of America,USA
83.310776,42.52418461538461,Circle,United States of America,USA
71.65811599999998,47.53435384615384,Denali Park,United States of America,USA
93.714416,57.555123076923074,Yakutat,United States of America,USA
65.33385200000001,57.326169230769224,Homer,United States of America,USA
85.02527599999999,48.365953846153836,Tanacross,United States of America,USA
68.79298399999999,38.73072307692308,Wiseman,United States of America,USA
54.68494399999997,153.06387692307692,Kailua-Kona,United States of America,USA
159.001496,89.97815384615383,Butte,United States of America,USA
196.217972,85.3784,Grand Forks,United States of America,USA
159.215552,97.47752307692306,Pocatello,United States of America,USA
135.03823999999997,87.0875846153846,Tacoma,United States of America,USA
153.984356,121.86304615384616,Yuma,United States of America,USA
159.20820799999998,117.30303076923076,Prescott,United States of America,USA
145.49868800000002,119.22555384615384,Long Beach,United States of America,USA
168.566084,106.52087692307691,Grand Junction,United States of America,USA
153.350396,106.15418461538461,Ely,United States of America,USA
141.63725599999998,106.35330769230768,Carson City,United States of America,USA
178.94186000000002,122.49670769230768,Carlsbad,United States of America,USA
174.785048,121.35021538461538,Alamogordo,United States of America,USA
134.17542799999998,98.78156923076924,Medford,United States of America,USA
136.801664,99.02484615384616,Klamath Falls,United States of America,USA
156.481856,111.28421538461538,St. George,United States of America,USA
161.15285599999999,103.75566153846154,Provo,United States of America,USA
175.671296,101.2120769230769,Laramie,United States of America,USA
207.505268,116.95335384615383,Little Rock,United States of America,USA
195.50366,109.80990769230769,Wichita,United States of America,USA
207.884024,107.75912307692307,Jefferson City,United States of America,USA
181.3373,94.58264615384616,Rapid City,United States of America,USA
208.252304,127.81283076923077,Lafayette,United States of America,USA
201.583844,129.96463076923075,Galveston,United States of America,USA
200.24075599999998,130.78266153846153,Freeport,United States of America,USA
196.287848,131.1524769230769,Victoria,United States of America,USA
183.410036,123.87333846153845,Odessa,United States of America,USA
192.71132,118.92239999999998,Wichita Falls,United States of America,USA
195.94451599999996,124.58292307692307,Waco,United States of America,USA
184.579892,119.72104615384615,Lubbock,United States of America,USA
254.679884,100.10941538461537,Hartford,United States of America,USA
257.716952,99.9871846153846,Providence,United States of America,USA
220.72457599999998,119.8406923076923,Birmingham,United States of America,USA
217.78352,126.66364615384614,Mobile,United States of America,USA
219.783572,127.28341538461538,Pensacola,United States of America,USA
230.67753199999999,133.62896923076923,St. Petersburg,United States of America,USA
215.778068,127.34404615384614,Biloxi,United States of America,USA
213.94206799999998,104.7824,Springfield,United States of America,USA
225.410156,108.6587846153846,Frankfort,United States of America,USA
237.590396,113.75995384615383,Greensboro,United States of America,USA
227.022164,104.9444769230769,Dayton,United States of America,USA
246.76110799999998,111.88029230769232,Virginia Beach,United States of America,USA
214.53963199999998,96.99473846153845,Madison,United States of America,USA
217.903508,93.5066923076923,Green Bay,United States of America,USA
249.73067600000002,103.83212307692307,Trenton,United States of America,USA
226.194344,97.8074923076923,Lansing,United States of America,USA
16.87803199999999,47.42278461538461,Gambell,United States of America,USA
71.18129599999997,52.641661538461534,Palmer,United States of America,USA
70.32355999999999,56.16933846153846,Seward,United States of America,USA
208.044728,88.11216923076923,Duluth,United States of America,USA
201.38523199999997,86.45973846153845,Bemidji,United States of America,USA
165.85874,83.8941846153846,Havre,United States of America,USA
154.72286,84.726,Kalispell,United States of America,USA
160.203212,96.05221538461538,Idaho Falls,United States of America,USA
148.239188,88.99007692307693,Lewiston,United States of America,USA
139.86476,88.54573846153846,Yakima,United States of America,USA
140.33456,86.57927692307692,Wenatchee,United States of America,USA
166.16924,125.03899999999999,Douglas,United States of America,USA
143.4293,115.43586153846154,Bakersfield,United States of America,USA
135.74391199999997,109.69273846153845,Oakland,United States of America,USA
145.55203999999998,117.04446153846153,Lancaster,United States of America,USA
136.66752799999998,105.00123076923076,Chico,United States of America,USA
136.53026,112.49058461538462,Monterey,United States of America,USA
137.13506,112.29436923076922,Salinas,United States of America,USA
173.97353600000002,114.18824615384614,Los Alamos,United States of America,USA
133.633808,94.65576923076922,Eugene,United States of America,USA
130.953032,96.29183076923076,Coos Bay,United States of America,USA
137.93134400000002,94.60332307692308,Bend,United States of America,USA
167.348708,93.52295384615384,Cody,United States of America,USA
209.116412,99.63535384615385,Cedar Rapids,United States of America,USA
205.13099599999998,111.10264615384614,Springfield,United States of America,USA
197.064152,102.3885076923077,Lincoln,United States of America,USA
207.231704,125.15283076923077,Alexandria,United States of America,USA
189.734948,122.42961538461539,Abilene,United States of America,USA
195.095528,138.05921538461538,Brownsville,United States of America,USA
200.37543200000002,122.6630923076923,Tyler,United States of America,USA
257.426216,96.67133846153845,Concord,United States of America,USA
221.24070799999998,116.99201538461537,Huntsville,United States of America,USA
232.830188,141.3263846153846,Key West,United States of America,USA
236.813552,136.08403076923076,West Palm Beach,United States of America,USA
231.034256,134.66895384615384,Sarasota,United States of America,USA
234.654092,130.18152307692307,Daytona Beach,United States of America,USA
231.528248,129.12624615384615,Gainesville,United States of America,USA
232.643564,136.33473846153845,Ft. Myers,United States of America,USA
233.52905600000003,125.53923076923076,Brunswick,United States of America,USA
232.34472799999998,120.00643076923076,Augusta,United States of America,USA
210.994532,122.65975384615383,Vicksburg,United States of America,USA
239.782472,119.46032307692306,Myrtle Beach,United States of America,USA
237.129236,121.60663076923076,Charleston,United States of America,USA
213.89400799999999,102.67572307692308,Peoria,United States of America,USA
218.9699,109.20015384615384,Evansville,United States of America,USA
223.30394,108.59621538461538,Louisville,United States of America,USA
226.30644800000002,109.01976923076921,Lexington,United States of America,USA
235.112876,115.82613846153845,Charlotte,United States of America,USA
235.55038399999998,101.71887692307692,Youngstown,United States of America,USA
233.80046,102.43901538461537,Canton,United States of America,USA
228.515372,100.35344615384615,Toledo,United States of America,USA
229.927148,104.39481538461538,Columbus,United States of America,USA
224.505872,116.15406153846153,Chattanooga,United States of America,USA
240.767,109.06963076923076,Charlottesville,United States of America,USA
239.16914,110.54339999999999,Lynchburg,United States of America,USA
213.99023599999998,92.47930769230769,Wausau,United States of America,USA
251.9477,97.95944615384614,Albany,United States of America,USA
245.52062,98.5087846153846,Ithaca,United States of America,USA
244.589552,103.69653846153845,Harrisburg,United States of America,USA
264.0518,92.85752307692307,Bangor,United States of America,USA
260.529272,95.5603846153846,Portland,United States of America,USA
227.62502,96.16529230769231,Saginaw,United States of America,USA
113.07298399999999,67.58859999999999,Ketchikan,United States of America,USA
29.361211999999966,71.1500923076923,Unalaska,United States of America,USA
44.134208,58.69698461538461,Togiak,United States of America,USA
51.49473199999997,52.25558461538461,Red Devil,United States of America,USA
30.405572000000006,52.806,Hooper Bay,United States of America,USA
44.95058,31.00659999999999,Wainwright,United States of America,USA
52.42039999999997,45.13981538461538,Galena,United States of America,USA
84.40946,32.32098461538462,Kaktovik,United States of America,USA
104.31007999999997,57.768138461538456,Skagway,United States of America,USA
79.236584,55.172,Cordova,United States of America,USA
66.03066799999999,55.14421538461538,Kenai,United States of America,USA
80.397908,40.75544615384615,Fort Yukon,United States of America,USA
136.21133600000002,111.60072307692307,Santa Cruz,United States of America,USA
147.55392799999998,118.42270769230768,San Bernardino,United States of America,USA
253.431512,101.52201538461537,Bridgeport,United States of America,USA
242.819756,96.75684615384614,Rochester,United States of America,USA
204.91294399999998,83.76032307692307,International Falls,United States of America,USA
205.69529599999998,92.51559999999999,St. Paul,United States of America,USA
168.590168,90.49432307692308,Billings,United States of America,USA
161.96382799999998,86.39576923076922,Great Falls,United States of America,USA
155.49819199999996,87.89936923076922,Missoula,United States of America,USA
185.98227199999997,84.64286153846153,Minot,United States of America,USA
196.80149600000001,87.88741538461538,Fargo,United States of America,USA
56.83068799999998,152.94993846153847,Hilo,United States of America,USA
134.11538,87.50241538461539,Olympia,United States of America,USA
147.270752,85.98955384615384,Spokane,United States of America,USA
134.738216,90.87253846153845,Vancouver,United States of America,USA
161.122292,115.84735384615384,Flagstaff,United States of America,USA
162.94349599999998,123.00813846153846,Tucson,United States of America,USA
141.74871199999998,117.67424615384616,Santa Barbara,United States of America,USA
141.621488,112.13756923076922,Fresno,United States of America,USA
131.11892,102.43104615384614,Eureka,United States of America,USA
177.58851199999998,107.07366153846154,Colorado Springs,United States of America,USA
141.50851999999998,105.4768,Reno,United States of America,USA
151.25119999999998,102.35846153846154,Elko,United States of America,USA
173.148524,116.07027692307692,Albuquerque,United States of America,USA
133.81654399999996,92.55372307692308,Salem,United States of America,USA
173.938112,97.48883076923077,Casper,United States of America,USA
199.489076,106.62587692307692,Topeka,United States of America,USA
202.04349200000001,106.48447692307693,Kansas City,United States of America,USA
198.86472799999999,113.64030769230769,Tulsa,United States of America,USA
196.944164,95.8528769230769,Sioux Falls,United States of America,USA
204.050564,122.30652307692307,Shreveport,United States of America,USA
210.36446,127.19532307692307,Baton Rouge,United States of America,USA
195.47957599999998,121.73209230769231,Ft. Worth,United States of America,USA
195.331076,133.6953076923077,Corpus Christi,United States of America,USA
194.5079,127.64784615384613,Austin,United States of America,USA
184.69987999999998,115.77099999999999,Amarillo,United States of America,USA
173.45924,124.02561538461538,El Paso,United States of America,USA
190.27646,134.2619846153846,Laredo,United States of America,USA
253.406132,93.63646153846153,Burlington,United States of America,USA
222.03494,122.63789230769231,Montgomery,United States of America,USA
226.834568,127.21438461538462,Tallahassee,United States of America,USA
233.79236,131.8540923076923,Orlando,United States of America,USA
233.0963,127.49686153846153,Jacksonville,United States of America,USA
234.44543599999997,123.45301538461538,Savannah,United States of America,USA
234.94958,118.6198923076923,Columbia,United States of America,USA
222.292304,104.94544615384615,Indianapolis,United States of America,USA
242.043992,118.17566153846153,Wilmington,United States of America,USA
227.698892,113.99935384615384,Knoxville,United States of America,USA
243.22788799999998,110.21213846153846,Richmond,United States of America,USA
233.190368,108.30232307692307,Charleston,United States of America,USA
245.220596,106.02269230769231,Baltimore,United States of America,USA
246.35351599999998,97.04987692307692,Syracuse,United States of America,USA
261.646964,94.03201538461538,Augusta,United States of America,USA
226.677968,88.80183076923076,Sault Ste. Marie,United States of America,USA
104.277356,63.50878461538461,Sitka,United States of America,USA
160.19845999999998,88.56846153846153,Helena,United States of America,USA
187.212716,88.0524,Bismarck,United States of America,USA
150.133616,95.71255384615384,Boise,United States of America,USA
136.630268,110.8106923076923,San Jose,United States of America,USA
137.54243599999998,107.75826153846154,Sacramento,United States of America,USA
152.547848,113.4201846153846,Las Vegas,United States of America,USA
174.83894,114.67706153846153,Santa Fe,United States of America,USA
134.63756,91.13186153846154,Portland,United States of America,USA
160.446428,102.49146153846152,Salt Lake City,United States of America,USA
177.52198399999997,101.6223846153846,Cheyenne,United States of America,USA
204.41085199999998,100.56904615384614,Des Moines,United States of America,USA
198.672812,101.38298461538461,Omaha,United States of America,USA
195.045956,115.19161538461537,Oklahoma City,United States of America,USA
188.251784,93.89373846153846,Pierre,United States of America,USA
192.67244,129.51426153846154,San Antonio,United States of America,USA
212.65773199999998,122.78823076923076,Jackson,United States of America,USA
240.36416,114.36141538461538,Raleigh,United States of America,USA
233.036252,100.82772307692306,Cleveland,United States of America,USA
226.405268,106.35330769230768,Cincinnati,United States of America,USA
220.827932,113.51603076923075,Nashville,United States of America,USA
213.097184,116.02967692307692,Memphis,United States of America,USA
246.041504,111.8927846153846,Norfolk,United States of America,USA
218.090996,97.03878461538461,Milwaukee,United States of America,USA
239.794568,97.45221538461537,Buffalo,United States of America,USA
237.10569199999998,103.31746153846154,Pittsburgh,United States of America,USA
63.27223999999998,61.762123076923075,Kodiak,United States of America,USA
38.524039999999985,67.96261538461539,Cold Bay,United States of America,USA
40.827139999999986,54.57226153846154,Bethel,United States of America,USA
28.697551999999973,36.486846153846145,Point Hope,United States of America,USA
52.75271599999999,29.44172307692307,Utqiavik,United States of America,USA
32.06261599999999,45.68376923076923,Nome,United States of America,USA
77.81822,53.75186153846153,Valdez,United States of America,USA
106.456256,60.50739999999999,Juneau,United States of America,USA
74.54733200000001,44.89158461538461,Fairbanks,United States of America,USA
72.24563599999996,31.831846153846143,Prudhoe Bay,United States of America,USA
205.290188,92.42481538461537,Minneapolis,United States of America,USA
50.18047999999996,149.09832307692307,Honolulu,United States of America,USA
135.453824,86.22421538461538,Seattle,United States of America,USA
160.110548,119.81226153846153,Phoenix,United States of America,USA
147.84217999999998,121.53576923076922,San Diego,United States of America,USA
212.52100399999998,107.61459999999998,St. Louis,United States of America,USA
213.001172,128.29895384615384,New Orleans,United States of America,USA
196.675352,121.53576923076922,Dallas,United States of America,USA
258.545204,98.76896923076923,Boston,United States of America,USA
231.202844,133.20186153846151,Tampa,United States of America,USA
248.70176,104.34689230769231,Philadelphia,United States of America,USA
229.710932,98.76896923076923,Detroit,United States of America,USA
69.29053999999996,53.550799999999995,Anchorage,United States of America,USA
135.27313999999998,109.6920923076923,San Francisco,United States of America,USA
177.122816,104.9712923076923,Denver,United States of America,USA
200.27671999999998,128.71787692307691,Houston,United States of America,USA
236.567636,138.37141538461537,Miami,United States of America,USA
226.541996,119.11786153846153,Atlanta,United States of America,USA
218.498912,99.96586153846154,Chicago,United States of America,USA
145.44134,118.73490769230769,Los Angeles,United States of America,USA
244.28553200000002,106.98136923076922,"Washington, D.C.",United States of America,USA
251.558684,102.55144615384614,New York,United States of America,USA
